Nha Cung Cap,San Pham,Ma Don Hang,So Luong Dat,So Luong Loi,Ti Le Loi,Chiet Khau,Thoi Gian Giao Hang,Quy Mo,Vi Tri,Dich Vu Khach Hang
B_MOBI,Loa,38,5,3,0.6,9,1,3,3,1
B_MOBI,Ram,0,5,4,0.8,8,1,1,1,1
B_MOBI,O cung,5,5,4,0.8,8,1,3,3,1
B_MOBI,Ram,29,8,6,0.75,9,1,3,3,1
B_MOBI,O cung,25,8,7,0.875,9,1,2,2,1
B_MOBI,Ram,71,10,9,0.9,8,1,3,3,1
B_MOBI,O cung,62,10,9,0.9,9,1,3,3,1
B_MOBI,Loa,29,11,9,0.818181818,10,1,3,3,1
B_MOBI,Ban Phim,60,11,10,0.909090909,7,1,3,3,1
B_MOBI,Ram,28,12,11,0.916666667,7,1,1,1,1
B_MOBI,Ban Phim,21,12,11,0.916666667,8,1,2,2,1
B_MOBI,O cung,80,12,3,0.25,7,1,1,1,1
B_MOBI,Ram,77,14,8,0.571428571,8,1,1,1,1
B_MOBI,Ram,63,14,13,0.928571429,10,1,1,1,1
B_MOBI,Loa,17,14,3,0.214285714,7,1,3,3,1
B_MOBI,Ram,97,15,14,0.933333333,9,1,3,3,1
B_MOBI,Ram,60,15,13,0.866666667,7,1,1,1,1
B_MOBI,Loa,65,15,0,0,10,1,1,1,1
B_MOBI,O cung,60,15,14,0.933333333,8,1,3,3,1
B_MOBI,Ban Phim,81,16,3,0.1875,10,1,3,3,1
B_MOBI,O cung,29,17,9,0.529411765,9,1,3,3,1
B_MOBI,Ban Phim,49,17,16,0.941176471,8,1,1,1,1
B_MOBI,Ram,22,18,10,0.555555556,10,1,3,3,1
B_MOBI,O cung,92,19,2,0.105263158,8,1,1,1,1
B_MOBI,Loa,38,20,16,0.8,10,1,2,2,1
B_MOBI,Loa,38,21,2,0.095238095,7,1,1,1,1
B_MOBI,Loa,66,22,3,0.136363636,7,1,1,1,1
B_MOBI,Loa,1,22,14,0.636363636,9,1,3,3,1
B_MOBI,O cung,69,23,15,0.652173913,7,1,2,2,1
B_MOBI,O cung,0,23,18,0.782608696,7,1,1,1,1
B_MOBI,Ram,42,24,4,0.166666667,7,1,3,3,1
B_MOBI,Loa,53,25,2,0.08,8,1,2,2,1
B_MOBI,Ban Phim,22,25,18,0.72,7,1,2,2,1
B_MOBI,Ram,68,26,15,0.576923077,7,1,1,1,1
B_MOBI,Ram,1,26,9,0.346153846,9,1,2,2,1
B_MOBI,Ban Phim,28,28,13,0.464285714,8,1,2,2,1
B_MOBI,O cung,42,28,15,0.535714286,7,1,2,2,1
B_MOBI,Loa,6,28,12,0.428571429,7,1,2,2,1
B_MOBI,Ban Phim,10,28,18,0.642857143,9,1,3,3,1
B_MOBI,Loa,29,28,4,0.142857143,10,1,1,1,1
B_MOBI,Ban Phim,95,40,7,0.175,8,1,2,2,1
B_MOBI,Ban Phim,74,40,6,0.15,7,1,3,3,1
B_MOBI,Ban Phim,95,40,18,0.45,8,1,1,1,1
B_MOBI,O cung,20,41,0,0,8,1,3,3,1
B_MOBI,Loa,96,42,20,0.476190476,9,2,1,1,1
B_MOBI,Loa,48,42,17,0.404761905,10,2,2,2,1
B_MOBI,Ban Phim,94,43,4,0.093023256,7,2,3,3,1
B_MOBI,Ram,52,43,10,0.23255814,7,2,3,3,1
B_MOBI,Ban Phim,5,46,2,0.043478261,10,2,3,3,1
B_MOBI,Loa,3,46,4,0.086956522,9,1,3,3,1
B_MOBI,Loa,39,48,12,0.25,10,1,3,3,1
B_MOBI,Ram,59,48,10,0.208333333,7,1,3,3,1
B_MOBI,O cung,90,48,17,0.354166667,7,1,3,3,1
B_MOBI,Ram,87,48,19,0.395833333,7,1,2,2,1
B_MOBI,Loa,53,50,4,0.08,8,1,1,1,1
B_MOBI,Loa,57,51,7,0.137254902,8,1,1,1,1
B_MOBI,Loa,29,53,20,0.377358491,9,1,2,2,1
B_MOBI,Ban Phim,45,53,4,0.075471698,10,1,1,1,1
B_MOBI,Ban Phim,79,54,9,0.166666667,9,1,2,2,1
B_MOBI,Ram,81,54,12,0.222222222,10,1,2,2,1
B_MOBI,Ban Phim,6,54,17,0.314814815,9,1,3,3,1
B_MOBI,O cung,72,55,8,0.145454545,10,1,3,3,1
B_MOBI,Ban Phim,78,55,8,0.145454545,8,1,2,2,1
B_MOBI,Ram,77,56,1,0.017857143,10,1,1,1,1
B_MOBI,Ban Phim,31,58,6,0.103448276,7,1,2,2,1
B_MOBI,O cung,86,59,14,0.237288136,10,1,3,3,1
B_MOBI,O cung,61,60,7,0.116666667,10,2,2,2,1
B_MOBI,Ban Phim,90,60,1,0.016666667,10,2,2,2,1
B_MOBI,O cung,58,61,20,0.327868852,8,2,1,1,1
B_MOBI,Loa,90,62,15,0.241935484,8,2,3,3,1
B_MOBI,Loa,28,62,3,0.048387097,9,2,2,2,1
B_MOBI,Loa,36,63,9,0.142857143,8,2,1,1,1
B_MOBI,Loa,82,63,2,0.031746032,9,2,1,1,1
B_MOBI,O cung,99,63,20,0.317460317,9,2,3,3,1
B_MOBI,Ram,1,63,18,0.285714286,9,2,2,2,1
B_MOBI,Loa,39,65,12,0.184615385,10,2,3,3,1
B_MOBI,Ban Phim,38,65,17,0.261538462,7,1,2,2,1
B_MOBI,O cung,68,67,13,0.194029851,8,1,1,1,1
B_MOBI,Loa,88,67,8,0.119402985,8,1,3,3,1
B_MOBI,Loa,99,68,3,0.044117647,7,1,1,1,1
B_MOBI,Loa,5,70,16,0.228571429,10,1,3,3,1
B_MOBI,Loa,81,70,14,0.2,7,1,2,2,1
B_MOBI,Ban Phim,19,72,19,0.263888889,10,1,2,2,1
B_MOBI,O cung,36,72,10,0.138888889,9,1,3,3,1
B_MOBI,O cung,90,73,13,0.178082192,9,1,1,1,1
B_MOBI,O cung,79,73,14,0.191780822,7,1,2,2,1
B_MOBI,Ban Phim,84,74,15,0.202702703,10,1,1,1,1
B_MOBI,Loa,67,74,15,0.202702703,7,1,3,3,1
B_MOBI,Loa,7,74,5,0.067567568,8,1,3,3,1
B_MOBI,Ban Phim,57,74,19,0.256756757,7,1,3,3,1
B_MOBI,Ram,10,75,3,0.04,7,1,2,2,1
B_MOBI,Ram,13,75,17,0.226666667,7,1,3,3,1
B_MOBI,Ban Phim,98,76,19,0.25,9,1,3,3,1
B_MOBI,Loa,85,77,1,0.012987013,7,1,3,3,1
B_MOBI,O cung,33,77,17,0.220779221,8,1,3,3,1
B_MOBI,Loa,69,77,9,0.116883117,10,1,1,1,1
B_MOBI,Loa,40,78,3,0.038461538,10,1,3,3,1
B_MOBI,Loa,5,78,11,0.141025641,7,1,2,2,1
B_MOBI,Ram,69,79,9,0.113924051,7,1,2,2,1
B_MOBI,Loa,58,80,0,0,9,1,1,1,1
B_MOBI,Loa,63,80,1,0.0125,8,1,3,3,1
B_MOBI,Ban Phim,76,81,14,0.172839506,10,1,2,2,1
B_MOBI,O cung,80,83,10,0.120481928,8,1,3,3,1
B_MOBI,Ban Phim,41,83,3,0.036144578,7,1,3,3,1
B_MOBI,O cung,7,83,10,0.120481928,7,1,2,2,1
B_MOBI,Loa,26,83,11,0.13253012,9,1,1,1,1
B_MOBI,Ban Phim,45,84,8,0.095238095,9,1,3,3,1
B_MOBI,Loa,14,84,20,0.238095238,10,1,2,2,1
B_MOBI,Loa,94,84,4,0.047619048,10,1,3,3,1
B_MOBI,Ban Phim,27,84,4,0.047619048,8,1,2,2,1
B_MOBI,Ram,34,85,20,0.235294118,7,1,3,3,1
B_MOBI,O cung,66,85,18,0.211764706,7,1,3,3,1
B_MOBI,Loa,13,85,18,0.211764706,7,1,1,1,1
B_MOBI,O cung,71,86,7,0.081395349,9,1,2,2,1
B_MOBI,Ban Phim,51,86,2,0.023255814,8,1,1,1,1
B_MOBI,O cung,39,88,10,0.113636364,7,1,3,3,1
B_MOBI,Loa,12,88,1,0.011363636,10,1,2,2,1
B_MOBI,Ram,47,89,2,0.02247191,9,1,2,2,1
B_MOBI,Ram,34,89,18,0.202247191,7,1,1,1,1
B_MOBI,Loa,16,89,20,0.224719101,8,1,3,3,1
B_MOBI,Ban Phim,82,91,16,0.175824176,10,1,3,3,1
B_MOBI,Loa,48,93,17,0.182795699,10,1,3,3,1
B_MOBI,O cung,5,93,5,0.053763441,8,1,3,3,1
B_MOBI,Loa,43,93,7,0.075268817,10,1,1,1,1
B_MOBI,Ban Phim,10,95,19,0.2,7,1,1,1,1
B_MOBI,O cung,33,95,13,0.136842105,7,2,3,3,1
B_MOBI,Loa,16,95,3,0.031578947,7,1,1,1,1
B_MOBI,Ram,22,96,9,0.09375,8,3,2,2,1
B_MOBI,O cung,69,97,12,0.12371134,7,3,1,1,1
B_MOBI,Loa,55,97,17,0.175257732,9,1,2,2,1
B_MOBI,Loa,63,97,0,0,10,1,1,1,1
B_MOBI,Loa,57,98,0,0,8,1,2,2,1
B_MOBI,O cung,66,98,13,0.132653061,9,1,1,1,1
B_MOBI,O cung,64,98,0,0,8,1,3,3,1
B_MOBI,Loa,45,99,12,0.121212121,10,3,2,2,1
B_MOBI,Loa,96,99,15,0.151515152,10,3,1,1,2
C_MOBI,Ban Phim,51,6,5,0.833333333,0,3,2,2,2
C_MOBI,Loa,58,7,6,0.857142857,2,3,1,1,3
C_MOBI,O cung,25,7,1,0.142857143,2,3,3,3,3
C_MOBI,Ban Phim,52,7,6,0.857142857,0,3,2,2,3
C_MOBI,Ram,40,7,0,0,3,3,3,3,3
C_MOBI,Loa,24,8,7,0.875,2,3,3,3,3
C_MOBI,Loa,86,9,5,0.555555556,1,3,3,3,3
C_MOBI,Loa,83,10,7,0.7,0,3,3,3,3
C_MOBI,Loa,44,11,10,0.909090909,3,3,3,3,3
C_MOBI,Loa,70,12,2,0.166666667,1,3,2,2,3
C_MOBI,Loa,12,12,10,0.833333333,1,2,1,1,3
C_MOBI,O cung,23,14,1,0.071428571,1,3,1,1,3
C_MOBI,Ban Phim,5,14,0,0,1,3,3,3,3
C_MOBI,Loa,83,14,5,0.357142857,2,3,2,2,3
C_MOBI,Ram,47,14,7,0.5,3,3,1,1,3
C_MOBI,Ban Phim,59,16,4,0.25,2,3,3,3,3
C_MOBI,Loa,16,16,9,0.5625,2,3,3,3,3
C_MOBI,Loa,30,16,15,0.9375,2,3,2,2,3
C_MOBI,Ram,97,17,14,0.823529412,2,3,1,1,3
C_MOBI,Loa,90,17,16,0.941176471,0,3,1,1,3
C_MOBI,O cung,6,19,12,0.631578947,2,3,2,2,3
C_MOBI,Ram,8,20,17,0.85,1,3,3,3,3
C_MOBI,Ram,60,20,8,0.4,3,3,1,1,3
C_MOBI,Ban Phim,90,21,1,0.047619048,0,3,1,1,3
C_MOBI,Loa,74,21,17,0.80952381,0,2,3,3,3
C_MOBI,Ram,67,24,4,0.166666667,1,3,3,3,3
C_MOBI,Ram,50,24,10,0.416666667,0,2,1,1,3
C_MOBI,Loa,90,25,12,0.48,0,3,3,3,3
C_MOBI,Ban Phim,55,27,17,0.62962963,1,3,3,3,3
C_MOBI,O cung,14,27,20,0.740740741,2,3,2,2,3
C_MOBI,Loa,21,40,15,0.375,3,3,1,1,3
C_MOBI,Ban Phim,40,40,20,0.5,0,2,3,3,3
C_MOBI,Loa,73,41,2,0.048780488,1,3,2,2,3
C_MOBI,Ram,25,41,18,0.43902439,2,3,3,3,3
C_MOBI,Loa,41,41,13,0.317073171,2,3,1,1,3
C_MOBI,Ban Phim,93,42,20,0.476190476,3,3,1,1,3
C_MOBI,Ban Phim,99,42,12,0.285714286,0,3,1,1,3
C_MOBI,Ban Phim,79,44,7,0.159090909,3,3,1,1,3
C_MOBI,Loa,49,44,17,0.386363636,2,3,2,2,3
C_MOBI,Ram,58,44,14,0.318181818,2,3,1,1,3
C_MOBI,Loa,88,45,1,0.022222222,1,3,3,3,3
C_MOBI,Ram,54,45,14,0.311111111,0,3,3,3,3
C_MOBI,Loa,30,45,4,0.088888889,3,3,3,3,3
C_MOBI,Loa,94,46,10,0.217391304,0,2,2,2,3
C_MOBI,Ram,21,46,17,0.369565217,1,3,2,2,3
C_MOBI,O cung,97,46,12,0.260869565,0,3,2,2,3
C_MOBI,Loa,66,47,14,0.29787234,2,2,1,1,3
C_MOBI,O cung,38,48,20,0.416666667,1,3,1,1,3
C_MOBI,O cung,95,48,11,0.229166667,2,3,2,2,3
C_MOBI,Ban Phim,4,49,19,0.387755102,1,2,3,3,3
C_MOBI,O cung,65,51,14,0.274509804,3,3,2,2,3
C_MOBI,Loa,21,53,7,0.132075472,1,3,2,2,3
C_MOBI,Loa,68,54,16,0.296296296,0,3,3,3,3
C_MOBI,Ban Phim,61,56,15,0.267857143,0,3,2,2,3
C_MOBI,Ram,69,56,5,0.089285714,2,3,3,3,3
C_MOBI,Ram,79,57,9,0.157894737,1,2,2,2,3
C_MOBI,O cung,69,58,8,0.137931034,2,3,2,2,3
C_MOBI,Ban Phim,18,59,2,0.033898305,3,3,3,3,3
C_MOBI,Ban Phim,34,60,2,0.033333333,2,3,3,3,3
C_MOBI,Loa,95,60,17,0.283333333,3,3,3,3,3
C_MOBI,O cung,58,60,19,0.316666667,0,3,2,2,3
C_MOBI,Loa,88,62,11,0.177419355,0,3,2,2,3
C_MOBI,O cung,9,62,2,0.032258065,1,3,3,3,3
C_MOBI,Loa,80,62,2,0.032258065,1,3,1,1,3
C_MOBI,Loa,35,63,7,0.111111111,2,3,3,3,3
C_MOBI,Loa,56,65,6,0.092307692,3,3,3,3,3
C_MOBI,Ban Phim,58,66,19,0.287878788,1,3,2,2,3
C_MOBI,Loa,65,67,15,0.223880597,1,3,2,2,3
C_MOBI,Ban Phim,36,68,0,0,2,3,2,2,3
C_MOBI,O cung,46,69,5,0.072463768,0,3,2,2,3
C_MOBI,Loa,79,69,20,0.289855072,1,3,3,3,3
C_MOBI,O cung,96,70,12,0.171428571,0,3,1,1,3
C_MOBI,Ban Phim,77,70,12,0.171428571,2,3,3,3,3
C_MOBI,Loa,29,70,3,0.042857143,0,3,1,1,3
C_MOBI,Ram,75,71,9,0.126760563,0,2,3,3,3
C_MOBI,Loa,37,72,18,0.25,3,2,2,2,3
C_MOBI,Loa,51,73,19,0.260273973,3,3,3,3,3
C_MOBI,Ram,86,74,4,0.054054054,2,3,2,2,3
C_MOBI,Loa,57,74,19,0.256756757,3,3,2,2,3
C_MOBI,Ram,68,74,14,0.189189189,1,2,1,1,3
C_MOBI,Loa,88,76,4,0.052631579,2,2,1,1,3
C_MOBI,Ram,33,77,6,0.077922078,2,2,3,3,3
C_MOBI,Ban Phim,0,77,17,0.220779221,0,3,2,2,3
C_MOBI,Loa,82,77,2,0.025974026,2,3,3,3,3
C_MOBI,O cung,63,77,12,0.155844156,3,3,1,1,3
C_MOBI,O cung,29,78,9,0.115384615,0,3,2,2,3
C_MOBI,Ram,50,78,4,0.051282051,3,3,1,1,3
C_MOBI,Loa,58,78,11,0.141025641,0,2,2,2,3
C_MOBI,Loa,90,80,12,0.15,3,3,2,2,3
C_MOBI,O cung,46,82,8,0.097560976,2,3,2,2,3
C_MOBI,Loa,2,82,15,0.182926829,1,3,2,2,3
C_MOBI,Loa,76,83,2,0.024096386,0,3,2,2,3
C_MOBI,Ban Phim,45,84,20,0.238095238,0,3,3,3,3
C_MOBI,Ban Phim,58,84,18,0.214285714,1,2,3,3,3
C_MOBI,Loa,19,86,7,0.081395349,2,3,2,2,3
C_MOBI,Ram,1,87,9,0.103448276,1,2,1,1,3
C_MOBI,Loa,58,88,7,0.079545455,1,3,3,3,3
C_MOBI,O cung,77,89,3,0.033707865,1,3,3,3,3
C_MOBI,O cung,83,89,14,0.157303371,2,3,2,2,3
C_MOBI,Ram,4,91,10,0.10989011,2,3,1,1,3
C_MOBI,Loa,22,96,16,0.166666667,2,3,1,1,3
C_MOBI,O cung,71,96,4,0.041666667,0,3,3,3,3
C_MOBI,Loa,2,96,13,0.135416667,1,3,1,1,3
C_MOBI,Ban Phim,21,96,0,0,1,3,2,2,3
C_MOBI,Ban Phim,59,97,1,0.010309278,0,3,2,2,3
C_MOBI,O cung,27,97,8,0.082474227,0,2,2,2,3
C_MOBI,Ram,46,97,19,0.195876289,2,2,3,3,3
C_MOBI,Loa,49,98,9,0.091836735,1,2,3,3,3
C_MOBI,Ram,24,98,12,0.12244898,1,2,3,3,3
C_MOBI,Ram,92,98,7,0.071428571,2,2,3,3,3
C_MOBI,Loa,62,99,11,0.111111111,2,2,2,2,3
C_MOBI,Ban Phim,59,99,14,0.141414141,3,2,1,1,3
C_MOBI,Loa,22,100,14,0.14,2,2,3,3,3
C_MOBI,O cung,33,100,7,0.07,3,2,2,2,3
C_MOBI,Loa,2,100,13,0.13,0,3,1,1,3
ET_MOBI,Ban Phim,37,5,0,0,7,2,2,2,3
ET_MOBI,Loa,1,6,5,0.833333333,4,2,2,2,2
ET_MOBI,Ram,16,6,1,0.166666667,4,1,1,1,2
ET_MOBI,Loa,21,7,6,0.857142857,6,1,1,1,2
ET_MOBI,Ram,18,8,7,0.875,6,2,1,1,2
ET_MOBI,O cung,25,8,3,0.375,5,3,3,3,2
ET_MOBI,O cung,92,9,8,0.888888889,6,2,2,2,2
ET_MOBI,O cung,62,11,10,0.909090909,4,1,2,2,2
ET_MOBI,Loa,62,11,10,0.909090909,7,3,2,2,2
ET_MOBI,O cung,25,11,10,0.909090909,5,1,2,2,2
ET_MOBI,Ban Phim,16,12,11,0.916666667,4,2,2,2,2
ET_MOBI,Ban Phim,66,12,11,0.916666667,6,1,1,1,2
ET_MOBI,Loa,65,13,6,0.461538462,4,1,2,2,2
ET_MOBI,Loa,43,14,12,0.857142857,5,2,1,1,2
ET_MOBI,Ram,32,16,4,0.25,7,3,3,3,2
ET_MOBI,Ram,67,16,7,0.4375,6,2,1,1,2
ET_MOBI,Loa,77,16,10,0.625,6,3,3,3,2
ET_MOBI,Ban Phim,31,17,16,0.941176471,5,1,1,1,2
ET_MOBI,Loa,23,17,16,0.941176471,7,2,2,2,2
ET_MOBI,O cung,88,18,3,0.166666667,6,2,3,3,2
ET_MOBI,Ram,33,19,16,0.842105263,5,3,3,3,2
ET_MOBI,Loa,82,21,12,0.571428571,6,2,3,3,2
ET_MOBI,Loa,46,21,20,0.952380952,5,3,1,1,2
ET_MOBI,Ban Phim,5,22,7,0.318181818,7,3,1,1,2
ET_MOBI,Ram,38,22,13,0.590909091,4,3,3,3,2
ET_MOBI,Ram,31,23,10,0.434782609,7,1,2,2,2
ET_MOBI,Ram,41,26,13,0.5,6,2,3,3,2
ET_MOBI,Ban Phim,27,27,0,0,4,3,3,3,2
ET_MOBI,Ram,81,27,12,0.444444444,5,3,2,2,2
ET_MOBI,Loa,71,28,1,0.035714286,6,2,2,2,2
ET_MOBI,Ban Phim,96,29,13,0.448275862,6,1,3,3,2
ET_MOBI,Loa,20,29,7,0.24137931,4,2,1,1,2
ET_MOBI,Ban Phim,67,40,0,0,6,3,1,1,2
ET_MOBI,Ram,90,42,19,0.452380952,6,1,1,1,2
ET_MOBI,Ban Phim,79,43,18,0.418604651,6,1,1,1,2
ET_MOBI,Ban Phim,37,44,3,0.068181818,4,1,3,3,2
ET_MOBI,Ban Phim,26,44,7,0.159090909,7,3,3,3,2
ET_MOBI,O cung,68,45,3,0.066666667,5,2,3,3,2
ET_MOBI,Ban Phim,45,45,15,0.333333333,4,2,2,2,2
ET_MOBI,Loa,93,46,17,0.369565217,5,3,3,3,2
ET_MOBI,Loa,77,46,19,0.413043478,6,1,3,3,2
ET_MOBI,Ban Phim,53,47,6,0.127659574,7,1,3,3,2
ET_MOBI,Ram,57,47,9,0.191489362,4,3,3,3,2
ET_MOBI,Loa,41,49,17,0.346938776,5,1,1,1,2
ET_MOBI,Ban Phim,60,52,20,0.384615385,6,1,3,3,2
ET_MOBI,Loa,98,52,12,0.230769231,5,1,1,1,2
ET_MOBI,Loa,85,52,8,0.153846154,5,3,3,3,2
ET_MOBI,Ban Phim,35,52,10,0.192307692,5,2,2,2,2
ET_MOBI,Ram,45,53,15,0.283018868,7,2,3,3,2
ET_MOBI,Ban Phim,50,53,10,0.188679245,6,2,2,2,2
ET_MOBI,Loa,69,55,0,0,4,3,2,2,2
ET_MOBI,Ram,84,55,0,0,7,2,1,1,2
ET_MOBI,Ram,2,58,14,0.24137931,7,3,2,2,2
ET_MOBI,Ram,76,59,9,0.152542373,6,3,2,2,2
ET_MOBI,Loa,59,60,11,0.183333333,4,2,1,1,2
ET_MOBI,Loa,32,61,4,0.06557377,4,2,3,3,2
ET_MOBI,Loa,42,62,8,0.129032258,7,1,2,2,2
ET_MOBI,O cung,51,62,3,0.048387097,6,3,2,2,2
ET_MOBI,Loa,30,65,15,0.230769231,4,1,3,3,2
ET_MOBI,Loa,46,65,9,0.138461538,5,1,2,2,2
ET_MOBI,Ban Phim,1,66,19,0.287878788,4,1,1,1,2
ET_MOBI,O cung,82,66,14,0.212121212,7,3,3,3,2
ET_MOBI,O cung,0,66,8,0.121212121,7,1,3,3,2
ET_MOBI,O cung,45,69,18,0.260869565,6,1,3,3,2
ET_MOBI,O cung,9,70,19,0.271428571,6,2,1,1,2
ET_MOBI,O cung,74,70,2,0.028571429,7,2,3,3,2
ET_MOBI,Ram,8,72,11,0.152777778,5,3,1,1,2
ET_MOBI,Ram,19,76,12,0.157894737,6,3,3,3,2
ET_MOBI,Ban Phim,54,76,10,0.131578947,5,1,3,3,2
ET_MOBI,Loa,51,76,4,0.052631579,5,1,2,2,2
ET_MOBI,Loa,62,76,1,0.013157895,5,2,3,3,2
ET_MOBI,Loa,96,77,16,0.207792208,5,3,3,3,2
ET_MOBI,Loa,31,77,6,0.077922078,5,1,3,3,2
ET_MOBI,Ban Phim,10,79,9,0.113924051,6,3,1,1,2
ET_MOBI,Ram,54,80,8,0.1,7,3,2,2,2
ET_MOBI,Ram,1,81,15,0.185185185,7,2,3,3,2
ET_MOBI,Ram,90,82,10,0.12195122,7,1,3,3,2
ET_MOBI,Loa,5,83,5,0.060240964,7,2,1,1,2
ET_MOBI,Ban Phim,55,84,10,0.119047619,5,3,3,3,2
ET_MOBI,Loa,99,85,1,0.011764706,6,3,3,3,2
ET_MOBI,Ram,99,85,14,0.164705882,6,1,1,1,2
ET_MOBI,Loa,89,85,13,0.152941176,4,2,3,3,2
ET_MOBI,Ram,21,87,14,0.16091954,6,3,1,1,2
ET_MOBI,Ban Phim,41,88,0,0,7,2,1,1,2
ET_MOBI,Ban Phim,69,88,8,0.090909091,5,2,3,3,2
ET_MOBI,Loa,11,88,9,0.102272727,7,1,2,2,2
ET_MOBI,Ram,75,89,3,0.033707865,6,2,2,2,2
ET_MOBI,O cung,99,89,20,0.224719101,6,3,1,1,2
ET_MOBI,Ban Phim,26,89,20,0.224719101,6,3,3,3,2
ET_MOBI,Loa,24,91,18,0.197802198,5,2,2,2,2
ET_MOBI,Loa,81,92,3,0.032608696,6,3,1,1,2
ET_MOBI,Ram,87,92,2,0.02173913,4,2,1,1,2
ET_MOBI,Ram,98,92,2,0.02173913,5,2,2,2,2
ET_MOBI,Ram,8,92,4,0.043478261,7,1,1,1,2
ET_MOBI,O cung,29,93,7,0.075268817,5,3,3,3,2
ET_MOBI,Loa,22,93,14,0.150537634,5,1,2,2,2
ET_MOBI,Ram,81,93,14,0.150537634,6,1,2,2,2
ET_MOBI,Loa,98,96,10,0.104166667,5,1,1,1,2
ET_MOBI,O cung,22,96,20,0.208333333,4,2,2,2,2
ET_MOBI,Loa,78,96,17,0.177083333,4,2,2,2,2
ET_MOBI,Loa,90,97,2,0.020618557,7,2,1,1,2
ET_MOBI,Loa,30,97,2,0.020618557,5,3,2,2,2
ET_MOBI,Loa,73,97,13,0.134020619,5,1,1,1,2
ET_MOBI,Ram,0,100,1,0.01,4,1,3,3,2
H_MOBI,Loa,18,6,2,0.333333333,2,1,2,2,2
H_MOBI,Loa,86,6,5,0.833333333,1,3,2,2,3
H_MOBI,Loa,15,7,6,0.857142857,1,3,3,3,3
H_MOBI,Ban Phim,97,7,0,0,3,2,3,3,3
H_MOBI,O cung,34,7,6,0.857142857,0,1,2,2,3
H_MOBI,Ban Phim,49,7,1,0.142857143,2,3,2,2,3
H_MOBI,Ban Phim,99,9,5,0.555555556,0,2,2,2,3
H_MOBI,Loa,81,9,8,0.888888889,0,3,1,1,3
H_MOBI,Ram,58,9,8,0.888888889,2,1,3,3,3
H_MOBI,Loa,34,10,9,0.9,2,1,2,2,3
H_MOBI,Ban Phim,22,11,10,0.909090909,2,1,3,3,3
H_MOBI,Loa,22,11,3,0.272727273,0,3,1,1,3
H_MOBI,Loa,21,11,2,0.181818182,3,1,3,3,3
H_MOBI,Ram,71,11,9,0.818181818,0,2,1,1,3
H_MOBI,Loa,16,12,11,0.916666667,1,2,3,3,3
H_MOBI,Loa,98,12,11,0.916666667,1,2,1,1,3
H_MOBI,Loa,64,14,9,0.642857143,1,2,2,2,3
H_MOBI,Ram,8,14,13,0.928571429,3,1,1,1,3
H_MOBI,Ram,76,16,7,0.4375,3,2,3,3,3
H_MOBI,Loa,92,16,4,0.25,0,1,2,2,3
H_MOBI,Ram,19,16,15,0.9375,3,1,2,2,3
H_MOBI,Ban Phim,0,17,2,0.117647059,3,2,3,3,3
H_MOBI,Loa,23,19,16,0.842105263,3,2,1,1,3
H_MOBI,Loa,25,20,0,0,1,3,3,3,3
H_MOBI,Ban Phim,59,20,13,0.65,2,2,2,2,3
H_MOBI,O cung,53,22,20,0.909090909,3,1,1,1,3
H_MOBI,Loa,84,22,15,0.681818182,2,3,3,3,3
H_MOBI,Ban Phim,90,22,9,0.409090909,2,1,1,1,3
H_MOBI,O cung,43,22,17,0.772727273,2,2,2,2,3
H_MOBI,Ban Phim,28,22,16,0.727272727,0,3,1,1,3
H_MOBI,Loa,32,23,13,0.565217391,0,1,3,3,3
H_MOBI,Ram,90,23,4,0.173913043,3,1,3,3,3
H_MOBI,Loa,82,24,16,0.666666667,3,3,3,3,3
H_MOBI,O cung,55,24,3,0.125,2,3,2,2,3
H_MOBI,Ram,15,25,13,0.52,1,2,1,1,3
H_MOBI,O cung,42,28,16,0.571428571,3,1,1,1,3
H_MOBI,Loa,84,28,12,0.428571429,2,3,2,2,3
H_MOBI,Loa,40,28,1,0.035714286,2,2,2,2,3
H_MOBI,Loa,7,29,2,0.068965517,2,2,2,2,3
H_MOBI,O cung,21,40,16,0.4,3,1,1,1,3
H_MOBI,Loa,65,40,1,0.025,1,2,3,3,3
H_MOBI,Loa,25,40,2,0.05,0,2,3,3,3
H_MOBI,Loa,50,43,12,0.279069767,1,2,3,3,3
H_MOBI,O cung,56,44,19,0.431818182,1,1,3,3,3
H_MOBI,Loa,28,45,16,0.355555556,3,2,2,2,3
H_MOBI,Loa,73,45,20,0.444444444,3,3,3,3,3
H_MOBI,Ban Phim,21,45,3,0.066666667,1,1,1,1,3
H_MOBI,Ram,52,47,17,0.361702128,2,1,2,2,3
H_MOBI,Loa,2,47,17,0.361702128,3,1,1,1,3
H_MOBI,O cung,19,48,9,0.1875,3,1,2,2,3
H_MOBI,Ban Phim,63,49,6,0.12244898,0,3,2,2,3
H_MOBI,Loa,81,49,2,0.040816327,1,3,2,2,3
H_MOBI,Ban Phim,53,49,20,0.408163265,0,1,2,2,3
H_MOBI,O cung,57,50,0,0,1,1,2,2,3
H_MOBI,Ram,54,52,13,0.25,0,3,2,2,3
H_MOBI,Ram,60,53,18,0.339622642,2,2,1,1,3
H_MOBI,Ram,10,54,0,0,1,2,1,1,3
H_MOBI,O cung,95,54,2,0.037037037,2,3,1,1,3
H_MOBI,Loa,84,54,15,0.277777778,2,2,1,1,3
H_MOBI,Loa,79,55,10,0.181818182,0,3,3,3,3
H_MOBI,Ban Phim,16,56,18,0.321428571,3,1,3,3,3
H_MOBI,O cung,37,56,11,0.196428571,3,1,1,1,3
H_MOBI,O cung,50,57,3,0.052631579,2,1,3,3,3
H_MOBI,O cung,95,58,10,0.172413793,0,2,1,1,3
H_MOBI,Ban Phim,73,58,0,0,3,1,1,1,3
H_MOBI,Loa,69,58,1,0.017241379,3,2,3,3,3
H_MOBI,Loa,72,58,17,0.293103448,0,2,2,2,3
H_MOBI,Loa,50,61,18,0.295081967,3,3,2,2,3
H_MOBI,Loa,84,61,9,0.147540984,1,3,3,3,3
H_MOBI,Loa,77,61,8,0.131147541,2,2,3,3,3
H_MOBI,O cung,12,63,17,0.26984127,0,1,1,1,3
H_MOBI,O cung,16,64,0,0,1,3,1,1,3
H_MOBI,Ban Phim,24,64,7,0.109375,0,2,3,3,3
H_MOBI,Loa,55,65,11,0.169230769,2,1,3,3,3
H_MOBI,Loa,96,65,3,0.046153846,3,3,1,1,3
H_MOBI,Ban Phim,46,66,3,0.045454545,3,2,2,2,3
H_MOBI,Loa,79,66,20,0.303030303,0,3,3,3,3
H_MOBI,Ram,91,66,13,0.196969697,1,3,2,2,3
H_MOBI,Loa,96,67,19,0.28358209,1,1,3,3,3
H_MOBI,Loa,34,69,16,0.231884058,3,2,1,1,3
H_MOBI,O cung,35,69,8,0.115942029,2,3,1,1,3
H_MOBI,Ram,61,74,1,0.013513514,1,2,2,2,3
H_MOBI,Ram,49,75,4,0.053333333,3,1,2,2,3
H_MOBI,O cung,2,75,2,0.026666667,2,3,1,1,3
H_MOBI,Ban Phim,96,76,14,0.184210526,2,3,1,1,3
H_MOBI,O cung,9,76,11,0.144736842,1,3,1,1,3
H_MOBI,O cung,42,77,20,0.25974026,0,1,3,3,3
H_MOBI,Loa,83,77,16,0.207792208,2,3,2,2,3
H_MOBI,Loa,63,77,4,0.051948052,1,2,2,2,3
H_MOBI,Loa,84,78,5,0.064102564,2,3,3,3,3
H_MOBI,Ban Phim,39,78,19,0.243589744,3,3,1,1,3
H_MOBI,Ban Phim,96,79,2,0.025316456,3,1,2,2,3
H_MOBI,Loa,99,80,9,0.1125,0,3,2,2,3
H_MOBI,Loa,43,80,20,0.25,0,3,2,2,3
H_MOBI,Loa,9,85,3,0.035294118,2,3,3,3,3
H_MOBI,Ban Phim,78,85,1,0.011764706,3,3,3,3,3
H_MOBI,Loa,46,85,3,0.035294118,1,1,2,2,3
H_MOBI,Loa,28,85,2,0.023529412,1,1,2,2,3
H_MOBI,Loa,35,86,7,0.081395349,0,2,2,2,3
H_MOBI,Loa,62,86,3,0.034883721,1,2,3,3,3
H_MOBI,Ban Phim,44,87,17,0.195402299,1,3,3,3,3
H_MOBI,O cung,29,87,11,0.126436782,0,3,1,1,3
H_MOBI,Ram,51,87,3,0.034482759,0,1,1,1,3
H_MOBI,Ram,88,87,4,0.045977011,3,2,1,1,3
H_MOBI,O cung,98,88,8,0.090909091,0,3,3,3,3
H_MOBI,O cung,2,90,20,0.222222222,0,3,3,3,3
H_MOBI,Ban Phim,81,90,16,0.177777778,2,2,3,3,3
H_MOBI,O cung,86,91,16,0.175824176,2,1,1,1,3
H_MOBI,O cung,40,91,8,0.087912088,0,2,1,1,3
H_MOBI,Loa,17,91,10,0.10989011,2,1,1,1,3
H_MOBI,Loa,8,92,7,0.076086957,2,1,2,2,3
H_MOBI,O cung,40,92,4,0.043478261,0,2,1,1,3
H_MOBI,O cung,80,94,10,0.106382979,1,1,2,2,3
H_MOBI,Loa,46,95,18,0.189473684,3,1,2,2,3
H_MOBI,Loa,45,97,20,0.206185567,2,3,3,3,3
H_MOBI,Loa,16,99,6,0.060606061,0,1,2,2,3
H_MOBI,Ram,53,100,9,0.09,0,2,2,2,3
H_MOBI,Ban Phim,11,100,9,0.09,1,3,1,1,3
H_MOBI,O cung,61,100,20,0.2,0,1,1,1,3
SO_MOBI,Ram,62,5,4,0.8,6,3,2,2,2
SO_MOBI,O cung,88,5,0,0,5,2,2,2,2
SO_MOBI,Loa,93,7,6,0.857142857,4,2,2,2,2
SO_MOBI,Loa,51,7,6,0.857142857,6,2,1,1,2
SO_MOBI,Ban Phim,28,7,6,0.857142857,7,1,2,2,2
SO_MOBI,O cung,48,8,7,0.875,4,1,1,1,2
SO_MOBI,Ban Phim,53,8,7,0.875,6,1,3,3,2
SO_MOBI,Ban Phim,49,9,8,0.888888889,4,3,2,2,2
SO_MOBI,Loa,47,9,8,0.888888889,5,2,1,1,2
SO_MOBI,O cung,67,11,0,0,6,2,2,2,2
SO_MOBI,Ram,4,12,4,0.333333333,6,3,2,2,2
SO_MOBI,Loa,55,13,11,0.846153846,5,2,3,3,2
SO_MOBI,O cung,98,15,4,0.266666667,4,3,3,3,2
SO_MOBI,Loa,22,15,9,0.6,4,2,2,2,2
SO_MOBI,Loa,53,16,2,0.125,6,2,3,3,2
SO_MOBI,Loa,55,16,9,0.5625,4,2,3,3,2
SO_MOBI,Loa,76,16,15,0.9375,5,1,3,3,2
SO_MOBI,Loa,36,17,11,0.647058824,5,2,1,1,2
SO_MOBI,Loa,81,19,9,0.473684211,4,2,3,3,2
SO_MOBI,Ram,90,19,18,0.947368421,4,1,2,2,2
SO_MOBI,O cung,47,19,17,0.894736842,7,1,1,1,2
SO_MOBI,Loa,72,19,13,0.684210526,5,3,3,3,2
SO_MOBI,Loa,40,20,11,0.55,4,3,3,3,2
SO_MOBI,O cung,62,22,7,0.318181818,6,3,3,3,2
SO_MOBI,Ban Phim,77,22,4,0.181818182,4,3,2,2,2
SO_MOBI,Loa,27,23,3,0.130434783,4,3,2,2,2
SO_MOBI,Loa,17,23,5,0.217391304,6,3,1,1,2
SO_MOBI,Ban Phim,20,23,19,0.826086957,7,2,2,2,2
SO_MOBI,Loa,81,24,19,0.791666667,7,1,3,3,2
SO_MOBI,Ban Phim,55,25,20,0.8,6,2,3,3,2
SO_MOBI,Loa,77,25,5,0.2,6,1,1,1,2
SO_MOBI,Ram,69,25,5,0.2,4,3,2,2,2
SO_MOBI,O cung,28,26,9,0.346153846,4,3,1,1,2
SO_MOBI,Ram,65,26,14,0.538461538,7,2,2,2,2
SO_MOBI,Loa,0,27,5,0.185185185,6,2,2,2,2
SO_MOBI,Loa,45,27,1,0.037037037,7,1,2,2,2
SO_MOBI,Loa,76,27,15,0.555555556,6,3,3,3,2
SO_MOBI,Loa,4,28,3,0.107142857,7,3,2,2,2
SO_MOBI,Loa,34,28,8,0.285714286,7,3,3,3,2
SO_MOBI,Ban Phim,39,29,10,0.344827586,4,3,2,2,2
SO_MOBI,Ram,64,29,18,0.620689655,6,2,1,1,2
SO_MOBI,Loa,36,29,0,0,6,3,1,1,2
SO_MOBI,Ban Phim,21,40,10,0.25,4,2,3,3,2
SO_MOBI,Loa,51,40,11,0.275,6,2,2,2,2
SO_MOBI,Ram,31,41,9,0.219512195,5,3,3,3,2
SO_MOBI,Loa,42,41,0,0,7,3,1,1,2
SO_MOBI,O cung,66,42,16,0.380952381,6,3,2,2,2
SO_MOBI,Ram,90,42,8,0.19047619,4,3,3,3,2
SO_MOBI,O cung,54,42,1,0.023809524,7,3,3,3,2
SO_MOBI,Loa,39,43,6,0.139534884,6,3,1,1,2
SO_MOBI,O cung,49,43,15,0.348837209,7,3,3,3,2
SO_MOBI,Loa,48,46,15,0.326086957,7,1,1,1,2
SO_MOBI,Ram,77,46,17,0.369565217,5,3,3,3,2
SO_MOBI,Loa,0,47,1,0.021276596,5,3,2,2,2
SO_MOBI,Ban Phim,52,47,11,0.234042553,5,1,1,1,2
SO_MOBI,Ram,52,47,18,0.382978723,5,1,1,1,2
SO_MOBI,Loa,95,47,9,0.191489362,6,1,3,3,2
SO_MOBI,Ban Phim,37,49,14,0.285714286,4,3,2,2,2
SO_MOBI,Loa,88,50,18,0.36,7,2,3,3,2
SO_MOBI,Ban Phim,33,51,7,0.137254902,7,3,3,3,2
SO_MOBI,Loa,48,51,4,0.078431373,5,1,1,1,2
SO_MOBI,O cung,8,52,16,0.307692308,5,3,1,1,2
SO_MOBI,Ban Phim,10,52,5,0.096153846,7,3,2,2,2
SO_MOBI,Ram,94,53,19,0.358490566,4,3,2,2,2
SO_MOBI,Ram,29,55,9,0.163636364,6,2,3,3,2
SO_MOBI,Ban Phim,81,56,4,0.071428571,6,2,1,1,2
SO_MOBI,O cung,94,56,5,0.089285714,5,2,2,2,2
SO_MOBI,Ban Phim,55,57,10,0.175438596,4,3,3,3,2
SO_MOBI,Loa,19,57,1,0.01754386,4,1,2,2,2
SO_MOBI,Loa,82,58,15,0.25862069,6,2,1,1,2
SO_MOBI,Ram,77,59,2,0.033898305,4,3,1,1,2
SO_MOBI,Ram,46,59,16,0.271186441,7,1,1,1,2
SO_MOBI,Ban Phim,19,60,10,0.166666667,7,2,1,1,2
SO_MOBI,Loa,57,61,8,0.131147541,7,3,2,2,2
SO_MOBI,O cung,83,61,12,0.196721311,5,2,2,2,2
SO_MOBI,Ram,81,61,5,0.081967213,6,3,1,1,2
SO_MOBI,O cung,2,61,17,0.278688525,7,1,3,3,2
SO_MOBI,Loa,58,62,20,0.322580645,4,1,2,2,2
SO_MOBI,O cung,55,63,18,0.285714286,7,3,3,3,2
SO_MOBI,Ban Phim,0,63,6,0.095238095,4,3,2,2,2
SO_MOBI,O cung,4,64,14,0.21875,4,1,3,3,2
SO_MOBI,Loa,2,65,1,0.015384615,6,2,2,2,2
SO_MOBI,Ram,93,66,9,0.136363636,5,2,3,3,2
SO_MOBI,Loa,37,67,19,0.28358209,6,1,1,1,2
SO_MOBI,Ban Phim,99,67,2,0.029850746,7,1,3,3,2
SO_MOBI,Loa,23,69,5,0.072463768,7,2,2,2,2
SO_MOBI,Ram,97,69,3,0.043478261,7,3,1,1,2
SO_MOBI,Ram,55,71,16,0.225352113,6,3,1,1,2
SO_MOBI,Ban Phim,48,71,7,0.098591549,7,2,3,3,2
SO_MOBI,Loa,44,71,16,0.225352113,5,2,1,1,2
SO_MOBI,Ram,82,71,5,0.070422535,5,2,2,2,2
SO_MOBI,O cung,20,72,4,0.055555556,7,2,2,2,2
SO_MOBI,Loa,9,73,8,0.109589041,5,3,3,3,2
SO_MOBI,Loa,55,73,19,0.260273973,5,3,3,3,2
SO_MOBI,Ram,26,75,9,0.12,4,3,2,2,2
SO_MOBI,O cung,52,75,9,0.12,5,2,3,3,2
SO_MOBI,O cung,41,76,2,0.026315789,5,2,2,2,2
SO_MOBI,Loa,60,76,20,0.263157895,7,2,3,3,2
SO_MOBI,Ram,79,76,15,0.197368421,6,1,1,1,2
SO_MOBI,Loa,14,80,13,0.1625,5,3,2,2,2
SO_MOBI,Loa,96,81,12,0.148148148,7,3,3,3,2
SO_MOBI,O cung,84,81,0,0,4,2,1,1,2
SO_MOBI,Loa,4,82,11,0.134146341,4,3,1,1,2
SO_MOBI,Loa,75,82,2,0.024390244,6,3,1,1,2
SO_MOBI,Ram,51,83,17,0.204819277,6,3,2,2,2
SO_MOBI,Loa,70,83,13,0.156626506,5,3,3,3,2
SO_MOBI,O cung,90,83,5,0.060240964,4,1,3,3,2
SO_MOBI,Ban Phim,71,84,1,0.011904762,5,1,1,1,2
SO_MOBI,O cung,45,87,15,0.172413793,6,3,1,1,2
SO_MOBI,Ban Phim,2,89,1,0.011235955,7,1,2,2,2
SO_MOBI,Ban Phim,14,89,13,0.146067416,5,3,3,3,2
SO_MOBI,Loa,55,90,10,0.111111111,6,2,2,2,2
SO_MOBI,Loa,1,91,1,0.010989011,7,2,3,3,2
SO_MOBI,Ram,0,91,18,0.197802198,7,2,2,2,2
SO_MOBI,Ban Phim,60,91,4,0.043956044,6,1,1,1,2
SO_MOBI,Loa,17,92,4,0.043478261,5,1,1,1,2
SO_MOBI,Ram,78,93,4,0.043010753,6,2,2,2,2
SO_MOBI,Loa,50,94,17,0.180851064,4,1,1,1,2
SO_MOBI,Loa,93,94,8,0.085106383,6,3,2,2,2
SO_MOBI,O cung,61,96,3,0.03125,7,2,1,1,2
SO_MOBI,O cung,86,97,5,0.051546392,5,1,1,1,2
SO_MOBI,Loa,70,97,13,0.134020619,7,1,2,2,2
SO_MOBI,Loa,29,98,14,0.142857143,7,1,1,1,2
SO_MOBI,O cung,40,98,15,0.153061224,6,3,1,1,2
SO_MOBI,Ram,9,100,11,0.11,7,2,1,1,2
SO_MOBI,Ram,73,100,3,0.03,5,3,2,2,2
SO_MOBI,Ram,9,100,7,0.07,6,1,1,1,2
